ITEMS_COUNT;ID_FACTURA;TOTAL;CIF_EMPRESA;MY_NAME;COMPANY_ADDRESS;COMPANY_CP;COMPANY_CITY;PROVINCIA;TELEFONO;EMAIL_CONTACTO;PERSONA_CONTACTO;C_NIF;F_CODE;F_DESC;CP_01;CIUDAD_01;PROVINCIA_01;CF_NAME;R_CODE;R_DESC;CP_02;CIUDAD_02;PROVINCIA_02;CR_NAME;P_CODE;P_DESC;CP_03;CIUDAD_03;PROVINCIA_03;CP_NAME;C_NAME;C_ADDRESS;CP;CITY;PROV;CONTACT;NFACTURA;FECHA_ENTREGA;PERIODO;IMPORTE;TOTAL_IGIC;CONCEPTO-01;CANTIDAD-01;IMPORTE-01;TOTAL_IGIC-01;CONCEPTO-02;CANTIDAD-02;IMPORTE-02;TOTAL_IGIC-02;FECHA_HOY;IBAN_ABONO
1;23568498;107.64;B45254632;Juan;Calle de la Rosa 14;39112;Santa Cruz;Santa Cruz ;683225512;juanne@msn.com;Juan;D54225421;55442284;Centro1;38002;Santa Cruz;Santa Cruz ;Centro1;25458595;Centro1;37025;Santa Cruz;Santa Cruz;Centro1;48925645;Centro1;38012;Santa Cruz;Santa Cruz;Centro1;Company1;Calle Colon 17;37555;Puerto Cruz;Santa Cruz;Juan;45654895;2018-05-05;3;100.60;7.04;Libros;1;44.10;3.08;Sillas;1;56.50;3.95;2018-04-20;ES5525887525652489621327
1;34985678;154.61;A55289489;Raul;Calle de Darias y Padron 93;38510;Santa Cruz;Santa Cruz;615449225;raul_ra@yahoo.es;Raul;E78542365;24575689;Centro2;39403;Las Palmas;Las Palmas;Centro2;46892432;Centro2;38450;Sevilla;Sevilla;Centro2;84235655;Centro2;42005;Sevilla;Sevilla;Centro2;Company2;Calle Marco Polo 12;38452;La Orotava;Santa Cruz;Fernando;27854212;2018-11-04;6;144.50;10.11;Naranjas;1;55.30;3.87;Mesas;1;89.20;6.24;2018-04-20;ES2794314733072603100175
1;28495732;87.20;J42687421;Pepe;Avenida Buenos Aires 10;38423;Puerto Cruz;Santa Cruz;712458229;pepepepe23@gmail.com;Pepe;A42334521;12458722;Centro3;40400;Barcelona;Barcelona;Centro3;18752645;Centro3;39005;Alicante;Alicante;Centro3;45897523;Centro3;39522;Alicante;Alicante;Centro3;Company3;Calle Maritima 15;39007;Zaragoza;Zaragoza;David;51245123;2018-03-03;7;81.50;5.70;Platanos;1;37.20;2.60;Monitores;1;44.30;3.10;2018-04-20;ES7659844839857995341615
1;43462521;278.92;F85224565;Jose;Avenida la Salle 7;40500;Icod;Santa Cruz;65428944;josejoss@yahoo.com;Jose;J48975623;42568923;Centro4;41025;Madrid;Madrid;Centro4;42987534;Centro4;41224;Malaga;Malaga;Centro4;24598752;Centro4;41432;Malaga;Malaga;Centro4;Company4;Calle Gutierrez 9;41203;Bilbao;Vizcaya;Oriol;68455499;2018-09-05;8;260.68;18.24;Proyectores;1;131.56;9.20;Portatiles;1;129.12;9.03;2018-04-20;PT4215874562499004855120
1;45688221;557.47;C17826495;Daniel;Calle Juan de Vega 21;40907;Barcelona;Barcelona;62235687;danidaniel@gmail.com;Daniel;V47822545;12459878;Centro5;37020;Valencia;Valencia;Centro5;75623456;Centro5;39885;Granada;Granada;Centro5;42689452;Centro5;40002;Granada;Granada;Centro5;Company5;Calle Martin 17;40007;Huelva;Huelva;Pablo;25478755;2018-04-03;9;521.00;36.47;Servidores;1;341.55;23.90;Tabletas;1;179.45;12.56;2018-04-20;FR8452655442254893127851
